Steps,Policy/Entropy,Policy/Learning Rate,Policy/Extrinsic Value Estimate,Environment/Cumulative Reward,Environment/Episode Length,Policy/Extrinsic Reward,Losses/Value Loss,Losses/Policy Loss
10000,1.4147671,0.0002970171,0.05431058,-1.7587999553233384,393.2,-1.7487497702240944,0.05718362,0.070426956
20000,1.4080234,0.0002910141,-0.03657501,-1.9597999553009868,393.2,-1.959799775481224,0.0033487312,0.065498814
30000,1.4067897,0.0002850111,-0.26973414,-1.9999999552965164,393.2,-1.999999776482582,0.0009482365,0.07093992
40000,1.402439,0.00027901292,-0.4096899,-1.7906249553197995,393.2083333333333,-1.798999771475792,0.004686259,0.072976336
