Steps,Policy/Entropy,Policy/Learning Rate,Policy/Extrinsic Value Estimate,Environment/Cumulative Reward,Environment/Episode Length,Policy/Extrinsic Reward
10000,1.4189383,0.0002970186,-1.8649496,-2.5000001187436283,2460.5,-2.5000001187436283
20000,1.418273,0.00029101857,-1.6991727,-1.8330001187277958,2460.6666666666665,-1.9997501685284078
30000,1.417596,0.00028501858,-0.36213496,-0.9992501187080052,2460.5,-0.9992502979002893
40000,1.4166354,0.00027901737,0.29417592,-2.5000001187436283,2460.5,-2.5000001187436283
50000,1.4160444,0.0002730162,-0.27629963,-1.999750118731754,2460.5,-1.9997501387260854
60000,1.4160821,0.00026701498,0.2788865,-2.5000001187436283,2460.5,-2.5000001187436283
70000,1.4164509,0.00026101377,0.2482411,-2.5000001187436283,2460.5,-2.5000001187436283
