{
  "name": "root",
  "gauges": [
    {
      "name": "Roll a Ball.mean_reward",
      "value": -2.5000001187436283,
      "min": -2.5000001187436283,
      "max": -2.5000001187436283,
      "count": 1
    }
  ],
  "total": 88.897135263,
  "count": 1,
  "self": 14.343634570999754,
  "children": [
    {
      "name": "TrainerController.advance",
      "total": 74.55350069200024,
      "count": 10961,
      "self": 0.2745984690012193,
      "children": [
        {
          "name": "env_step",
          "total": 67.187149560999,
          "count": 10961,
          "self": 54.14402100999897,
          "children": [
            {
              "name": "SubprocessEnvManager._take_step",
              "total": 12.836362560000147,
              "count": 10961,
              "self": 0.506404091999471,
              "children": [
                {
                  "name": "PPOPolicy.evaluate",
                  "total": 12.329958468000676,
                  "count": 10961,
                  "self": 12.329958468000676
                }
              ]
            },
            {
              "name": "workers",
              "total": 0.20676599099988202,
              "count": 10960,
              "self": 0.0,
              "children": [
                {
                  "name": "worker_root",
                  "total": 87.71164066299991,
                  "count": 10960,
                  "is_parallel": true,
                  "self": 46.453324394999875,
                  "children": [
                    {
                      "name": "batched_step_result_from_proto",
                      "total": 0.0011606000000004002,
                      "count": 1,
                      "is_parallel": true,
                      "self": 0.00034824099999930525,
                      "children": [
                        {
                          "name": "_process_vector_observation",
                          "total": 0.000812359000001095,
                          "count": 1,
                          "is_parallel": true,
                          "self": 0.000812359000001095
                        }
                      ]
                    },
                    {
                      "name": "UnityEnvironment.step",
                      "total": 41.25715566800004,
                      "count": 10960,
                      "is_parallel": true,
                      "self": 1.3656305039988936,
                      "children": [
                        {
                          "name": "UnityEnvironment._generate_step_input",
                          "total": 0.9691948450004695,
                          "count": 10960,
                          "is_parallel": true,
                          "self": 0.9691948450004695
                        },
                        {
                          "name": "communicator.exchange",
                          "total": 36.57609121500049,
                          "count": 10960,
                          "is_parallel": true,
                          "self": 36.57609121500049
                        },
                        {
                          "name": "batched_step_result_from_proto",
                          "total": 2.3462391040001833,
                          "count": 10960,
                          "is_parallel": true,
                          "self": 0.814230842999919,
                          "children": [
                            {
                              "name": "_process_vector_observation",
                              "total": 1.5320082610002643,
                              "count": 10960,
                              "is_parallel": true,
                              "self": 1.5320082610002643
                            }
                          ]
                        }
                      ]
                    }
                  ]
                }
              ]
            }
          ]
        },
        {
          "name": "trainer_advance",
          "total": 7.091752662000019,
          "count": 10960,
          "self": 0.4132493520001148,
          "children": [
            {
              "name": "process_trajectory",
              "total": 1.1024003179999013,
              "count": 10960,
              "self": 1.1024003179999013
            },
            {
              "name": "_update_policy",
              "total": 5.576102992000003,
              "count": 1,
              "self": 3.935205781000022,
              "children": [
                {
                  "name": "PPOPolicy.update",
                  "total": 1.6408972109999809,
                  "count": 100,
                  "self": 1.6408972109999809
                }
              ]
            }
          ]
        }
      ]
    }
  ]
}