{"cameraMode":{"drawMode":0,"name":"Shaded","section":"Shading Mode"},"sceneLighting":false,"audioPlay":false,"sceneViewState":{"showFog":false,"showMaterialUpdate":false,"showSkybox":false,"showFlares":false,"showImageEffects":false,"showParticleSystems":false},"in2DMode":false,"pivot":{"x":-0.3700000047683716,"y":-0.5,"z":-7.010000228881836},"rotation":{"x":0.5837972164154053,"y":0.002435704693198204,"z":-0.0017489356687292457,"w":0.8118985891342163},"size":22.019203186035158,"orthographic":true}