{"count":1,"gauges":{"tilt like roll.CumulativeReward":{"count":2,"max":3.941,"min":1.90799987,"value":1.90799987,"weightedAverage":3.43275}},"self":22.2756176,"total":22.978137999999998,"children":{"AgentSendState":{"count":1021,"self":0.089919,"total":0.103749,"children":{"CollectObservations":{"count":205,"self":0.013829999999999999,"total":0.013829999999999999,"children":null}}},"DecideAction":{"count":1021,"self":0.530764,"total":0.530764,"children":null},"AgentAct":{"count":1021,"self":0.065229,"total":0.065229,"children":null}}}